product_id,product_name,role,url,original_file,match_status,format,width,height,bytes
1,Body Alí - Viña,principal,https://raw.githubusercontent.com/magicoamorbebe-bot/magicoamor/main/imagenes/Gemini_Generated_Image_1ifbj61ifbj61ifb.png?raw=true,imagenes/Gemini_Generated_Image_1ifbj61ifbj61ifb.png,exact_url_path,PNG,896,1192,1789277
2,Body Alice Morley,principal,https://raw.githubusercontent.com/magicoamorbebe-bot/magicoamor/main/imagenes/Gemini_Generated_Image_oleme3oleme3olem.png?raw=true,imagenes/Gemini_Generated_Image_oleme3oleme3olem.png,exact_url_path,PNG,896,1192,1648713
2,Body Alice Morley,galeria,https://raw.githubusercontent.com/magicoamorbebe-bot/magicoamor/main/imagenes/Gemini_Generated_Image_xwq0lpxwq0lpxwq0.png?raw=true,imagenes/Gemini_Generated_Image_xwq0lpxwq0lpxwq0.png,exact_url_path,PNG,896,1192,1993488
3,Body Americano - Avioneta,principal,https://raw.githubusercontent.com/magicoamorbebe-bot/magicoamor/main/imagenes/Gemini_Generated_Image_iq8dmkiq8dmkiq8d.png?raw=true,imagenes/Gemini_Generated_Image_iq8dmkiq8dmkiq8d.png,exact_url_path,PNG,896,1192,1806640
4,Body Americano - Jardín de Seda,principal,https://raw.githubusercontent.com/magicoamorbebe-bot/magicoamor/main/imagenes/Gemini_Generated_Image_k0cqcok0cqcok0cq.png?raw=true,imagenes/Gemini_Generated_Image_k0cqcok0cqcok0cq.png,exact_url_path,PNG,896,1192,1848877
5,Body Americano - Perritos,principal,https://raw.githubusercontent.com/magicoamorbebe-bot/magicoamor/main/imagenes/Gemini_Generated_Image_idt05lidt05lidt0.png?raw=true,imagenes/Gemini_Generated_Image_idt05lidt05lidt0.png,exact_url_path,PNG,896,1192,1960050
6,Body Americano - Flor Mariposa,principal,https://raw.githubusercontent.com/magicoamorbebe-bot/magicoamor/main/imagenes/Gemini_Generated_Image_5slmpo5slmpo5slm.png?raw=true,imagenes/Gemini_Generated_Image_5slmpo5slmpo5slm.png,exact_url_path,PNG,896,1192,1815573
7,Body Antonio - Aqua,principal,https://raw.githubusercontent.com/magicoamorbebe-bot/magicoamor/main/imagenes/Gemini_Generated_Image_6wyz5v6wyz5v6wyz.png?raw=true,imagenes/Gemini_Generated_Image_6wyz5v6wyz5v6wyz.png,exact_url_path,PNG,847,1264,2028312
8,Body Antonio - Blanco,principal,https://raw.githubusercontent.com/magicoamorbebe-bot/magicoamor/main/imagenes/Gemini_Generated_Image_3h3sqx3h3sqx3h3s.png?raw=true,imagenes/Gemini_Generated_Image_3h3sqx3h3sqx3h3s.png,exact_url_path,PNG,847,1059,1071737
9,Body Apolo Perrito - Blanco,principal,https://raw.githubusercontent.com/magicoamorbebe-bot/magicoamor/main/imagenes/Gemini_Generated_Image_o1rqy1o1rqy1o1rq.png?raw=true,imagenes/Gemini_Generated_Image_o1rqy1o1rqy1o1rq.png,exact_url_path,PNG,847,1059,937025
10,Body Apolo Perrito - Viña,principal,https://raw.githubusercontent.com/magicoamorbebe-bot/magicoamor/main/imagenes/Gemini_Generated_Image_hz55e1hz55e1hz55.png?raw=true,imagenes/Gemini_Generated_Image_hz55e1hz55e1hz55.png,exact_url_path,PNG,832,1040,1090563
11,Body Apolo - Viña,principal,https://raw.githubusercontent.com/magicoamorbebe-bot/magicoamor/main/imagenes/Gemini_Generated_Image_qfgtztqfgtztqfgt.png?raw=true,imagenes/Gemini_Generated_Image_qfgtztqfgtztqfgt.png,exact_url_path,PNG,832,1040,1185165
12,Body Argi Girls - Natural,principal,https://raw.githubusercontent.com/magicoamorbebe-bot/magicoamor/main/imagenes/Gemini_Generated_Image_tjjmkjtjjmkjtjjm.png?raw=true,imagenes/Gemini_Generated_Image_tjjmkjtjjmkjtjjm.png,exact_url_path,PNG,896,1192,3545641
13,Body Argi Girls - Orquidia,principal,https://raw.githubusercontent.com/magicoamorbebe-bot/magicoamor/main/imagenes/Gemini_Generated_Image_w8wp89w8wp89w8wp.png?raw=true,imagenes/Gemini_Generated_Image_w8wp89w8wp89w8wp.png,exact_url_path,PNG,896,1192,4325041
14,Body Argi Focus - Natural,principal,https://raw.githubusercontent.com/magicoamorbebe-bot/magicoamor/main/imagenes/Gemini_Generated_Image_re442qre442qre44.png?raw=true,imagenes/Gemini_Generated_Image_re442qre442qre44.png,exact_url_path,PNG,1792,2382,6717392
15,Body Doris - Blanco,principal,https://raw.githubusercontent.com/magicoamorbebe-bot/magicoamor/main/imagenes/Gemini_Generated_Image_pbhejepbhejepbhe.png?raw=true,imagenes/Gemini_Generated_Image_pbhejepbhejepbhe.png,exact_url_path,PNG,832,1040,909531
16,Body Doris Happy - Salmón,principal,https://github.com/magicoamorbebe-bot/magicoamor/blob/main/imagenes/Body%20Doris%20Happy.png?raw=true,imagenes/Body Doris Happy.png,exact_url_path,PNG,1696,2528,7036351
17,Body Bastian - Celeste,principal,https://raw.githubusercontent.com/magicoamorbebe-bot/magicoamor/main/imagenes/Gemini_Generated_Image_8g9usn8g9usn8g9u.png?raw=true,imagenes/Gemini_Generated_Image_8g9usn8g9usn8g9u.png,exact_url_path,PNG,842,1264,4604934
18,Body Briana - Beige,principal,https://raw.githubusercontent.com/magicoamorbebe-bot/magicoamor/main/imagenes/Gemini_Generated_Image_xwdsinxwdsinxwds.png?raw=true,imagenes/Gemini_Generated_Image_xwdsinxwdsinxwds.png,exact_url_path,PNG,843,1264,5415190
19,Body Briana - Blanco,principal,https://raw.githubusercontent.com/magicoamorbebe-bot/magicoamor/main/imagenes/Gemini_Generated_Image_e52v3re52v3re52v.png?raw=true,imagenes/Gemini_Generated_Image_e52v3re52v3re52v.png,exact_url_path,PNG,843,1264,5641509
20,Body con babero - Gris,principal,https://raw.githubusercontent.com/magicoamorbebe-bot/magicoamor/main/imagenes/Gemini_Generated_Image_y9ri36y9ri36y9ri.png?raw=true,imagenes/Gemini_Generated_Image_y9ri36y9ri36y9ri.png,exact_url_path,PNG,847,1264,5971944
21,Body Cris Unisex - Beige,principal,https://raw.githubusercontent.com/magicoamorbebe-bot/magicoamor/main/imagenes/Gemini_Generated_Image_r72g0cr72g0cr72g%20(1).png?raw=true,imagenes/Gemini_Generated_Image_r72g0cr72g0cr72g (1).png,exact_url_path,PNG,896,1192,8442352
22,Body Cris Unisex - Natural,principal,https://raw.githubusercontent.com/magicoamorbebe-bot/magicoamor/main/imagenes/Gemini_Generated_Image_8ocfrc8ocfrc8ocf.png?raw=true,imagenes/Gemini_Generated_Image_8ocfrc8ocfrc8ocf.png,exact_url_path,PNG,896,1192,1460528
23,Body Cris Nena - Blanco,principal,https://raw.githubusercontent.com/magicoamorbebe-bot/magicoamor/main/imagenes/Gemini_Generated_Image_jnypkwjnypkwjnyp%20(1).png?raw=true,imagenes/Gemini_Generated_Image_jnypkwjnypkwjnyp (1).png,exact_url_path,PNG,847,1059,966179
24,Body Darren - Blanco,principal,https://raw.githubusercontent.com/magicoamorbebe-bot/magicoamor/main/imagenes/Gemini_Generated_Image_z2ohvvz2ohvvz2oh.png?raw=true,imagenes/Gemini_Generated_Image_z2ohvvz2ohvvz2oh.png,exact_url_path,PNG,896,1192,1598688
25,Body Doris - Salmón,principal,https://raw.githubusercontent.com/magicoamorbebe-bot/magicoamor/main/imagenes/Gemini_Generated_Image_3bgs2m3bgs2m3bgs.png?raw=true,imagenes/Gemini_Generated_Image_3bgs2m3bgs2m3bgs.png,exact_url_path,PNG,896,1192,1761539
26,Body Doris Love - Blanco,principal,https://github.com/magicoamorbebe-bot/magicoamor/blob/main/imagenes/Body%20doris.jpg?raw=true,imagenes/Body doris.jpg,exact_url_path,JPEG,1792,2382,1805794
26,Body Doris Love - Blanco,galeria,https://github.com/magicoamorbebe-bot/magicoamor/blob/main/imagenes/WhatsApp%20Image%202026-08-31%20at%2011.36.28%20(1).jpeg?raw=true,imagenes/WhatsApp Image 2026-08-31 at 11.36.28 (1).jpeg,exact_url_path,JPEG,1204,1600,205711
27,Body Smooth - Natural,principal,https://github.com/magicoamorbebe-bot/magicoamor/blob/main/imagenes/Gemini_Generated_Image_n8twodn8twodn8tw.jpg?raw=true,imagenes/Gemini_Generated_Image_n8twodn8twodn8tw.jpg,exact_url_path,JPEG,2382,1792,1585056
27,Body Smooth - Natural,galeria,https://github.com/magicoamorbebe-bot/magicoamor/blob/main/imagenes/WhatsApp%20Image%202026-08-31%20at%2014.07.34.jpeg?raw=true,imagenes/WhatsApp Image 2026-08-31 at 14.07.34.jpeg,exact_url_path,JPEG,1204,1600,168150
28,Body Extensible - Blanco con picot blanco,principal,https://raw.githubusercontent.com/magicoamorbebe-bot/magicoamor/main/imagenes/Gemini_Generated_Image_51vgmm51vgmm51vg.png?raw=true,imagenes/Gemini_Generated_Image_51vgmm51vgmm51vg.png,exact_url_path,PNG,896,1192,1343009
28,Body Extensible - Blanco con picot blanco,galeria,https://raw.githubusercontent.com/magicoamorbebe-bot/magicoamor/main/imagenes/Body%20Eider%20(2).webp?raw=true,imagenes/Body Eider (2).webp,exact_url_path,WEBP,640,800,38684
29,Body Extensible - Blanco con picot gris,principal,https://raw.githubusercontent.com/magicoamorbebe-bot/magicoamor/main/imagenes/Gemini_Generated_Image_v0dmpnv0dmpnv0dm.png?raw=true,imagenes/Gemini_Generated_Image_v0dmpnv0dmpnv0dm.png,exact_url_path,PNG,847,1264,1643529
29,Body Extensible - Blanco con picot gris,galeria,https://raw.githubusercontent.com/magicoamorbebe-bot/magicoamor/main/imagenes/Body%20Eider%20(2).webp?raw=true,imagenes/Body Eider (2).webp,exact_url_path,WEBP,640,800,38684
30,Body Interlock - Beige,principal,https://raw.githubusercontent.com/magicoamorbebe-bot/magicoamor/main/imagenes/Gemini_Generated_Image_8qdkeq8qdkeq8qdk.png?raw=true,imagenes/Gemini_Generated_Image_8qdkeq8qdkeq8qdk.png,exact_url_path,PNG,896,1192,1539763
31,Body Kerem - Aqua,principal,https://raw.githubusercontent.com/magicoamorbebe-bot/magicoamor/main/imagenes/Body%20Kerem%20-%20Aqua.png?raw=true,imagenes/Body Kerem - Aqua.png,exact_url_path,PNG,1694,2528,6261618
32,Body Kerem - Verde Musgo,principal,https://raw.githubusercontent.com/magicoamorbebe-bot/magicoamor/main/imagenes/Body%20Kerem%20-%20Verde%20Musgo.png?raw=true,imagenes/Body Kerem - Verde Musgo.png,exact_url_path,PNG,1694,2528,6767687
33,Body Osi - Natural,principal,https://raw.githubusercontent.com/magicoamorbebe-bot/magicoamor/main/imagenes/Gemini_Generated_Image_tspt2tspt2tspt2t.png?raw=true,imagenes/Gemini_Generated_Image_tspt2tspt2tspt2t.png,exact_url_path,PNG,896,1192,1586595
34,Body Osi - Rosa,principal,https://raw.githubusercontent.com/magicoamorbebe-bot/magicoamor/main/imagenes/Gemini_Generated_Image_nzv0ugnzv0ugnzv0.png?raw=true,imagenes/Gemini_Generated_Image_nzv0ugnzv0ugnzv0.png,exact_url_path,PNG,847,1264,1930008
35,Body Osi - Rosa,principal,https://github.com/magicoamorbebe-bot/magicoamor/blob/main/imagenes/Body%20osi%20rosa%20(1).jpg?raw=true,imagenes/Body osi rosa (1).jpg,exact_url_path,JPEG,1792,2382,1917557
35,Body Osi - Rosa,galeria,https://github.com/magicoamorbebe-bot/magicoamor/blob/main/imagenes/Body%20osi%20rosa%20(2).jpg?raw=true,imagenes/Body osi rosa (2).jpg,exact_url_path,JPEG,1692,1763,408798
36,Body Peggy - Beige,principal,https://raw.githubusercontent.com/magicoamorbebe-bot/magicoamor/main/imagenes/Gemini_Generated_Image_d0lb6sd0lb6sd0lb.png?raw=true,imagenes/Gemini_Generated_Image_d0lb6sd0lb6sd0lb.png,exact_url_path,PNG,847,1264,1939565
37,Body Peggy - Rosa Viejo,principal,https://raw.githubusercontent.com/magicoamorbebe-bot/magicoamor/main/imagenes/Gemini_Generated_Image_kpmdk6kpmdk6kpmd.png?raw=true,imagenes/Gemini_Generated_Image_kpmdk6kpmdk6kpmd.png,exact_url_path,PNG,847,1264,1841142
38,Body Sami - Rosa,principal,https://raw.githubusercontent.com/magicoamorbebe-bot/magicoamor/main/imagenes/Gemini_Generated_Image_rrro9rrrro9rrrro.png?raw=true,imagenes/Gemini_Generated_Image_rrro9rrrro9rrrro.png,exact_url_path,PNG,848,1264,1232301
39,Body Sander - Beige,principal,https://raw.githubusercontent.com/magicoamorbebe-bot/magicoamor/main/imagenes/Gemini_Generated_Image_lorwpelorwpelorw.png?raw=true,imagenes/Gemini_Generated_Image_lorwpelorwpelorw.png,exact_url_path,PNG,742,927,955018
40,Body Teddy Morley,principal,https://raw.githubusercontent.com/magicoamorbebe-bot/magicoamor/main/imagenes/Gemini_Generated_Image_2a5s732a5s732a5s.png?raw=true,imagenes/Gemini_Generated_Image_2a5s732a5s732a5s.png,exact_url_path,PNG,896,1192,1812536
41,Body Zoe - Natural,principal,https://raw.githubusercontent.com/magicoamorbebe-bot/magicoamor/main/imagenes/Body%20Zoe%20Natural%20(2).webp?raw=true,imagenes/Body Zoe Natural (2).webp,exact_url_path,WEBP,640,800,18418
41,Body Zoe - Natural,galeria,https://raw.githubusercontent.com/magicoamorbebe-bot/magicoamor/main/imagenes/Body%20Zoe%20Natural%20(1).webp?raw=true,imagenes/Body Zoe Natural (1).webp,exact_url_path,WEBP,640,800,70492
42,Body Zoe - Rosa,principal,https://raw.githubusercontent.com/magicoamorbebe-bot/magicoamor/main/imagenes/Body%20Zoe%20-%20Rosa.png?raw=true,imagenes/Body Zoe - Rosa.png,exact_url_path,PNG,1696,2528,6498917
43,Body Zoe - Texaco,principal,https://raw.githubusercontent.com/magicoamorbebe-bot/magicoamor/main/imagenes/Body%20Zoe%20-%20Texaco.png?raw=true,imagenes/Body Zoe - Texaco.png,exact_url_path,PNG,1696,2528,7047584
44,Body Zoe - Celeste,principal,https://raw.githubusercontent.com/magicoamorbebe-bot/magicoamor/main/imagenes/Body%20Zoe%20-%20Celeste.png?raw=true,imagenes/Body Zoe - Celeste.png,exact_url_path,PNG,1694,2528,6894603
45,Body Kayla c/vincha - Natural,principal,https://raw.githubusercontent.com/magicoamorbebe-bot/magicoamor/main/imagenes/3471_nt-0b26185bb803157e8117721978105566-1024-1024.webp?raw=true,imagenes/3471_nt-0b26185bb803157e8117721978105566-1024-1024.webp,exact_url_path,WEBP,1024,1527,125130
45,Body Kayla c/vincha - Natural,galeria,https://raw.githubusercontent.com/magicoamorbebe-bot/magicoamor/main/imagenes/dsc00253-2-ef4d600fc9576bd55a17557128948659-480-0.webp?raw=true,imagenes/dsc00253-2-ef4d600fc9576bd55a17557128948659-480-0.webp,exact_url_path,WEBP,480,720,34490
45,Body Kayla c/vincha - Natural,galeria,https://raw.githubusercontent.com/magicoamorbebe-bot/magicoamor/main/imagenes/dsc00269-3-f65641b5a7e2d1356617557128939774-480-0.webp?raw=true,imagenes/dsc00269-3-f65641b5a7e2d1356617557128939774-480-0.webp,exact_url_path,WEBP,480,720,24770
46,Body media polera - Corazón,principal,https://raw.githubusercontent.com/magicoamorbebe-bot/magicoamor/main/imagenes/Gemini_Generated_Image_n70gtjn70gtjn70g.png?raw=true,imagenes/Gemini_Generated_Image_n70gtjn70gtjn70g.png,exact_url_path,PNG,1792,2382,7422316
46,Body media polera - Corazón,galeria,https://raw.githubusercontent.com/magicoamorbebe-bot/magicoamor/main/imagenes/Gemini_Generated_Image_5s9sad5s9sad5s9s.png?raw=true,imagenes/Gemini_Generated_Image_5s9sad5s9sad5s9s.png,exact_url_path,PNG,1792,2382,6160023
47,Body media polera - Lavanda,principal,https://raw.githubusercontent.com/magicoamorbebe-bot/magicoamor/main/imagenes/Gemini_Generated_Image_rvsjmqrvsjmqrvsj.png?raw=true,imagenes/Gemini_Generated_Image_rvsjmqrvsjmqrvsj.png,exact_url_path,PNG,1792,2382,6888443
48,Body media polera - Lavanda Rosa,principal,https://github.com/magicoamorbebe-bot/magicoamor/blob/main/imagenes/Gemini_Generated_Image_qm7w99qm7w99qm7w.jpg?raw=true,imagenes/Gemini_Generated_Image_qm7w99qm7w99qm7w.jpg,exact_url_path,JPEG,2382,1792,2025297
49,Body media polera - Floral,principal,https://raw.githubusercontent.com/magicoamorbebe-bot/magicoamor/main/imagenes/Gemini_Generated_Image_h1qbqbh1qbqbh1qb.png?raw=true,imagenes/Gemini_Generated_Image_h1qbqbh1qbqbh1qb.png,exact_url_path,PNG,1792,2382,7794241
50,Body media polera - Bosque,principal,https://raw.githubusercontent.com/magicoamorbebe-bot/magicoamor/main/imagenes/Gemini_Generated_Image_hktbk3hktbk3hktb.png?raw=true,imagenes/Gemini_Generated_Image_hktbk3hktbk3hktb.png,exact_url_path,PNG,1792,2382,6528610
51,Body media polera - Safari,principal,https://raw.githubusercontent.com/magicoamorbebe-bot/magicoamor/main/imagenes/Gemini_Generated_Image_hptw9ihptw9ihptw.png?raw=true,imagenes/Gemini_Generated_Image_hptw9ihptw9ihptw.png,exact_url_path,PNG,1792,2382,6392693
52,Body media polera - Safari 2,principal,https://github.com/magicoamorbebe-bot/magicoamor/blob/main/imagenes/Gemini_Generated_Image_5adtbo5adtbo5adt.jpg?raw=true,imagenes/Gemini_Generated_Image_5adtbo5adtbo5adt.jpg,exact_url_path,JPEG,1792,2382,1917109
53,Body Nilam - Natural,principal,https://github.com/magicoamorbebe-bot/magicoamor/blob/main/imagenes/Gemini_Generated_Image_3flzv73flzv73flz.jpg?raw=true,imagenes/Gemini_Generated_Image_3flzv73flzv73flz.jpg,exact_url_path,JPEG,1984,2164,2150857
53,Body Nilam - Natural,galeria,https://github.com/magicoamorbebe-bot/magicoamor/blob/main/imagenes/bodyboton4-87400e1056e6804db617791146014088-640-0.webp?raw=true,imagenes/bodyboton4-87400e1056e6804db617791146014088-640-0.webp,exact_url_path,WEBP,640,955,83214
54,Body Nilam - Blanco,principal,https://github.com/magicoamorbebe-bot/magicoamor/blob/main/imagenes/Gemini_Generated_Image_aau1p7aau1p7aau1.jpg?raw=true,imagenes/Gemini_Generated_Image_aau1p7aau1p7aau1.jpg,exact_url_path,JPEG,1856,2274,2133112
55,Body Print,principal,https://github.com/magicoamorbebe-bot/magicoamor/blob/main/imagenes/WhatsApp%20Image%202026-08-31%20at%2011.36.32%20(1).jpeg?raw=true,imagenes/WhatsApp Image 2026-08-31 at 11.36.32 (1).jpeg,exact_url_path,JPEG,1204,1369,548014
56,Conjunto Hilary - Tostado,principal,https://raw.githubusercontent.com/magicoamorbebe-bot/magicoamor/main/imagenes/hilary%20tostado%20(2).webp?raw=true,imagenes/hilary tostado (2).webp,exact_url_path,WEBP,1024,1280,80482
56,Conjunto Hilary - Tostado,galeria,https://raw.githubusercontent.com/magicoamorbebe-bot/magicoamor/main/imagenes/hilary%20tostado%20(1).webp?raw=true,imagenes/hilary tostado (1).webp,exact_url_path,WEBP,1024,1280,181660
57,Conjunto Interlock Amarillo Claro,principal,https://raw.githubusercontent.com/magicoamorbebe-bot/magicoamor/main/imagenes/Gemini_Generated_Image_1wat2z1wat2z1wat.png?raw=true,imagenes/Gemini_Generated_Image_1wat2z1wat2z1wat.png,exact_url_path,PNG,896,1192,1801514
58,Conjunto Kendall - Natural con Beige,principal,https://raw.githubusercontent.com/magicoamorbebe-bot/magicoamor/main/imagenes/Gemini_Generated_Image_md6cbimd6cbimd6c.png?raw=true,imagenes/Gemini_Generated_Image_md6cbimd6cbimd6c.png,exact_url_path,PNG,848,1264,1705361
58,Conjunto Kendall - Natural con Beige,galeria,https://raw.githubusercontent.com/magicoamorbebe-bot/magicoamor/main/imagenes/3480-adf18972bdbfb900e517721363933904-480-0.webp?raw=true,imagenes/3480-adf18972bdbfb900e517721363933904-480-0.webp,exact_url_path,WEBP,480,716,36262
59,Conjunto Zoo - Beige,principal,https://raw.githubusercontent.com/magicoamorbebe-bot/magicoamor/main/imagenes/Gemini_Generated_Image_bmep6nbmep6nbmep.png?raw=true,imagenes/Gemini_Generated_Image_bmep6nbmep6nbmep.png,exact_url_path,PNG,896,1192,1488142
60,Conjunto Kini - Gris,principal,https://raw.githubusercontent.com/magicoamorbebe-bot/magicoamor/main/imagenes/Gemini_Generated_Image_32wde632wde632wd.png?raw=true,imagenes/Gemini_Generated_Image_32wde632wde632wd.png,exact_url_path,PNG,896,1192,3070959
61,Conjunto primeros días - Avellana,principal,https://raw.githubusercontent.com/magicoamorbebe-bot/magicoamor/main/imagenes/primeros%20dias.jpg?raw=true,imagenes/primeros dias.jpg,exact_url_path,JPEG,1024,1024,61214
62,Conjunto Pupi - Celeste,principal,https://raw.githubusercontent.com/magicoamorbebe-bot/magicoamor/main/imagenes/3611_ce-e1ddf3c669c9d4f7e417701289156402-480-0.webp?raw=true,imagenes/3611_ce-e1ddf3c669c9d4f7e417701289156402-480-0.webp,exact_url_path,WEBP,480,716,30770
62,Conjunto Pupi - Celeste,galeria,https://raw.githubusercontent.com/magicoamorbebe-bot/magicoamor/main/imagenes/pupy%20(2).webp?raw=true,imagenes/pupy (2).webp,exact_url_path,WEBP,480,716,72980
62,Conjunto Pupi - Celeste,galeria,https://github.com/magicoamorbebe-bot/magicoamor/blob/main/imagenes/Conjunto%20pupi%20%20(2).png?raw=true,imagenes/Conjunto pupi  (2).png,exact_url_path,PNG,1792,2382,6209532
63,Conjunto Pupi - Natural/Beige,principal,https://raw.githubusercontent.com/magicoamorbebe-bot/magicoamor/main/imagenes/3611_nt-77828b01088386fe6d17701289150370-1024-1024.webp?raw=true,imagenes/3611_nt-77828b01088386fe6d17701289150370-1024-1024.webp,exact_url_path,WEBP,1024,1527,75800
63,Conjunto Pupi - Natural/Beige,galeria,https://raw.githubusercontent.com/magicoamorbebe-bot/magicoamor/main/imagenes/pupy%20(3).webp?raw=true,imagenes/pupy (3).webp,exact_url_path,WEBP,480,716,51272
63,Conjunto Pupi - Natural/Beige,galeria,https://github.com/magicoamorbebe-bot/magicoamor/blob/main/imagenes/Conjunto%20pupi%20%20(1).png?raw=true,imagenes/Conjunto pupi  (1).png,exact_url_path,PNG,1792,2382,5959976
64,Conjunto Pupi - Rosa,principal,https://raw.githubusercontent.com/magicoamorbebe-bot/magicoamor/main/imagenes/3611_rs-901f4cfeb7ce2a2b9f17701289148475-480-0.webp?raw=true,imagenes/3611_rs-901f4cfeb7ce2a2b9f17701289148475-480-0.webp,exact_url_path,WEBP,480,716,28428
64,Conjunto Pupi - Rosa,galeria,https://raw.githubusercontent.com/magicoamorbebe-bot/magicoamor/main/imagenes/pupy%20(1).webp?raw=true,imagenes/pupy (1).webp,exact_url_path,WEBP,480,716,68778
64,Conjunto Pupi - Rosa,galeria,https://github.com/magicoamorbebe-bot/magicoamor/blob/main/imagenes/Conjunto%20pupi%20%20(3).png?raw=true,imagenes/Conjunto pupi  (3).png,exact_url_path,PNG,1792,2382,6240510
65,Conjunto Xoe - Celeste,principal,https://raw.githubusercontent.com/magicoamorbebe-bot/magicoamor/main/imagenes/Gemini_Generated_Image_vitc1mvitc1mvitc.png?raw=true,imagenes/Gemini_Generated_Image_vitc1mvitc1mvitc.png,exact_url_path,PNG,896,1192,1706474
66,Conjunto Xoe - Crudo,principal,https://raw.githubusercontent.com/magicoamorbebe-bot/magicoamor/main/imagenes/Gemini_Generated_Image_j1phh8j1phh8j1ph.png?raw=true,imagenes/Gemini_Generated_Image_j1phh8j1phh8j1ph.png,exact_url_path,PNG,896,1192,1967814
67,Conjunto Xoe - Rosa Viejo,principal,https://raw.githubusercontent.com/magicoamorbebe-bot/magicoamor/main/imagenes/Gemini_Generated_Image_z1vmfdz1vmfdz1vm.png?raw=true,imagenes/Gemini_Generated_Image_z1vmfdz1vmfdz1vm.png,exact_url_path,PNG,896,1192,2395252
68,Conjunto Rústico Aldo - Texaco,principal,https://github.com/magicoamorbebe-bot/magicoamor/blob/main/imagenes/16333c8a-edf0-4f04-a0b4-aae3c5070f69.jpg?raw=true,,pending,,,,
69,Ajuar Plush - Bambi,principal,https://raw.githubusercontent.com/magicoamorbebe-bot/magicoamor/main/imagenes/Gemini_Generated_Image_ygnb9iygnb9iygnb.png?raw=true,imagenes/Gemini_Generated_Image_ygnb9iygnb9iygnb.png,exact_url_path,PNG,896,1192,1743754
70,Ajuar Plush - Espacio,principal,https://raw.githubusercontent.com/magicoamorbebe-bot/magicoamor/main/imagenes/Gemini_Generated_Image_p9fxgqp9fxgqp9fx.png?raw=true,imagenes/Gemini_Generated_Image_p9fxgqp9fxgqp9fx.png,exact_url_path,PNG,896,1192,1479238
71,Ajuar Plush - Toys,principal,https://raw.githubusercontent.com/magicoamorbebe-bot/magicoamor/main/imagenes/Conjunto%20Plush%20Toys.png?raw=true,imagenes/Conjunto Plush Toys.png,exact_url_path,PNG,896,1192,1634074
72,Ajuar Plush - Marfil,principal,https://raw.githubusercontent.com/magicoamorbebe-bot/magicoamor/main/imagenes/Gemini_Generated_Image_m23fg1m23fg1m23f.png?raw=true,imagenes/Gemini_Generated_Image_m23fg1m23fg1m23f.png,exact_url_path,PNG,896,1192,2431434
73,Ajuar Plush - Pistacho,principal,https://raw.githubusercontent.com/magicoamorbebe-bot/magicoamor/main/imagenes/Gemini_Generated_Image_f0ydytf0ydytf0yd.png?raw=true,imagenes/Gemini_Generated_Image_f0ydytf0ydytf0yd.png,exact_url_path,PNG,896,1192,2339068
74,Ajuar Plush - Celeste,principal,https://raw.githubusercontent.com/magicoamorbebe-bot/magicoamor/main/imagenes/Gemini_Generated_Image_aufvnnaufvnnaufv.png?raw=true,imagenes/Gemini_Generated_Image_aufvnnaufvnnaufv.png,exact_url_path,PNG,896,1192,1776359
75,Conjunto Plush - Celeste,principal,https://raw.githubusercontent.com/magicoamorbebe-bot/magicoamor/main/imagenes/Conjunto%20Plush%20Celeste.png?raw=true,imagenes/Conjunto Plush Celeste.png,exact_url_path,PNG,896,1192,1474715
76,Conjunto Plush - Marfil,principal,https://raw.githubusercontent.com/magicoamorbebe-bot/magicoamor/main/imagenes/Gemini_Generated_Image_rt4zs4rt4zs4rt4z.png?raw=true,imagenes/Gemini_Generated_Image_rt4zs4rt4zs4rt4z.png,exact_url_path,PNG,896,1192,2375100
77,Conjunto Plush - Pistacho,principal,https://raw.githubusercontent.com/magicoamorbebe-bot/magicoamor/main/imagenes/Gemini_Generated_Image_r8wxblr8wxblr8wx.png?raw=true,imagenes/Gemini_Generated_Image_r8wxblr8wxblr8wx.png,exact_url_path,PNG,896,1192,1832408
78,Conjunto Plush Isadora - Frambuesa,principal,https://github.com/magicoamorbebe-bot/magicoamor/blob/main/imagenes/WhatsApp%20Image%202026-08-31%20at%2011.36.27%20(1).jpeg?raw=true,imagenes/WhatsApp Image 2026-08-31 at 11.36.27 (1).jpeg,exact_url_path,JPEG,1204,1505,322645
79,Conjunto Plush Kenzo - Aqua,principal,https://raw.githubusercontent.com/magicoamorbebe-bot/magicoamor/main/imagenes/3446b_aqua-9cbcc9dc2018d56c3a17521542252448-480-0.webp?raw=true,imagenes/3446b_aqua-9cbcc9dc2018d56c3a17521542252448-480-0.webp,exact_url_path,WEBP,480,704,21576
79,Conjunto Plush Kenzo - Aqua,galeria,https://github.com/magicoamorbebe-bot/magicoamor/blob/main/imagenes/Conjunto%20Plush%20Kenzo%20-%20Aqua%20(1).webp?raw=true,imagenes/Conjunto Plush Kenzo - Aqua (1).webp,exact_url_path,WEBP,640,960,103312
79,Conjunto Plush Kenzo - Aqua,galeria,https://github.com/magicoamorbebe-bot/magicoamor/blob/main/imagenes/Conjunto%20Plush%20Kenzo%20-%20Aqua%20(2).webp?raw=true,imagenes/Conjunto Plush Kenzo - Aqua (2).webp,exact_url_path,WEBP,640,960,118794
80,Conjunto Plush Kenzo - Beige,principal,https://raw.githubusercontent.com/magicoamorbebe-bot/magicoamor/main/imagenes/3446b_bge-912343b496beeaa4a017521542193003-1024-1024.webp?raw=true,imagenes/3446b_bge-912343b496beeaa4a017521542193003-1024-1024.webp,exact_url_path,WEBP,1024,1503,80476
80,Conjunto Plush Kenzo - Beige,galeria,https://github.com/magicoamorbebe-bot/magicoamor/blob/main/imagenes/Conjunto%20Plush%20Kenzo%20-%20Beige%20(1).webp?raw=true,imagenes/Conjunto Plush Kenzo - Beige (1).webp,exact_url_path,WEBP,240,360,17474
80,Conjunto Plush Kenzo - Beige,galeria,https://github.com/magicoamorbebe-bot/magicoamor/blob/main/imagenes/Conjunto%20Plush%20Kenzo%20-%20Beige%20(2).webp?raw=true,imagenes/Conjunto Plush Kenzo - Beige (2).webp,exact_url_path,WEBP,240,360,13872
81,Conjunto Plush Kenzo - Rosa,principal,https://raw.githubusercontent.com/magicoamorbebe-bot/magicoamor/main/imagenes/3446b_rs-0c5ddc84bc515f1e5c17521542253047-1024-1024.webp?raw=true,imagenes/3446b_rs-0c5ddc84bc515f1e5c17521542253047-1024-1024.webp,exact_url_path,WEBP,1024,1505,94534
81,Conjunto Plush Kenzo - Rosa,galeria,https://github.com/magicoamorbebe-bot/magicoamor/blob/main/imagenes/Conjunto%20Plush%20Kenzo%20-%20Rosa%20(1).webp?raw=true,imagenes/Conjunto Plush Kenzo - Rosa (1).webp,exact_url_path,WEBP,240,360,15926
81,Conjunto Plush Kenzo - Rosa,galeria,https://github.com/magicoamorbebe-bot/magicoamor/blob/main/imagenes/Conjunto%20Plush%20Kenzo%20-%20Rosa%20(2).webp?raw=true,imagenes/Conjunto Plush Kenzo - Rosa (2).webp,exact_url_path,WEBP,640,960,98248
82,Conjunto Plush Rayco - Azul,principal,https://raw.githubusercontent.com/magicoamorbebe-bot/magicoamor/main/imagenes/Gemini_Generated_Image_zb2a30zb2a30zb2a.png?raw=true,imagenes/Gemini_Generated_Image_zb2a30zb2a30zb2a.png,exact_url_path,PNG,896,1192,1747850
83,Conjunto Plush - Selva,principal,https://raw.githubusercontent.com/magicoamorbebe-bot/magicoamor/main/imagenes/Conjunto%20Plush%20Selva.png?raw=true,imagenes/Conjunto Plush Selva.png,exact_url_path,PNG,896,1191,1233896
84,Conjunto Plush - Dogs,principal,https://raw.githubusercontent.com/magicoamorbebe-bot/magicoamor/main/imagenes/Conjunto%20Plush%20Dogs.png?raw=true,imagenes/Conjunto Plush Dogs.png,exact_url_path,PNG,896,1191,2484696
85,Conjunto Plush - Caritas Ositos,principal,https://raw.githubusercontent.com/magicoamorbebe-bot/magicoamor/main/imagenes/Conjunto%20Plush%20Caritas%20Ositos.png?raw=true,imagenes/Conjunto Plush Caritas Ositos.png,exact_url_path,PNG,896,1191,2380130
86,Conjunto Plush - Bosque,principal,https://raw.githubusercontent.com/magicoamorbebe-bot/magicoamor/main/imagenes/Conjunto%20Plush%20Bosque.png?raw=true,imagenes/Conjunto Plush Bosque.png,exact_url_path,PNG,896,1191,2109778
87,Conjunto Plush - Florcita,principal,https://raw.githubusercontent.com/magicoamorbebe-bot/magicoamor/main/imagenes/Conjunto%20Plush%20Florcita.png?raw=true,imagenes/Conjunto Plush Florcita.png,exact_url_path,PNG,896,1191,1670025
88,Conjunto Plush - Tulipan,principal,https://raw.githubusercontent.com/magicoamorbebe-bot/magicoamor/main/imagenes/Conjunto%20Plush%20Tulipan.png?raw=true,imagenes/Conjunto Plush Tulipan.png,exact_url_path,PNG,896,1191,1364382
89,Conjunto Plush - Coneja Flor,principal,https://raw.githubusercontent.com/magicoamorbebe-bot/magicoamor/main/imagenes/Conjunto%20Plush%20Coneja%20Flor.png?raw=true,imagenes/Conjunto Plush Coneja Flor.png,exact_url_path,PNG,896,1191,2468861
90,Conjunto Plush - Bambi,principal,https://raw.githubusercontent.com/magicoamorbebe-bot/magicoamor/main/imagenes/Gemini_Generated_Image_q1frg3q1frg3q1fr.png?raw=true,imagenes/Gemini_Generated_Image_q1frg3q1frg3q1fr.png,exact_url_path,PNG,896,1191,1530050
91,Conjunto Plush - Malva,principal,https://raw.githubusercontent.com/magicoamorbebe-bot/magicoamor/main/imagenes/Conjunto%20Plush%20Malva.png?raw=true,imagenes/Conjunto Plush Malva.png,exact_url_path,PNG,1059,1008,5120952
92,Conjunto Plush Osito - Gris,principal,https://raw.githubusercontent.com/magicoamorbebe-bot/magicoamor/main/imagenes/Gemini_Generated_Image_4hxfpk4hxfpk4hxf.png?raw=true,imagenes/Gemini_Generated_Image_4hxfpk4hxfpk4hxf.png,exact_url_path,PNG,1694,2528,7065480
92,Conjunto Plush Osito - Gris,galeria,https://raw.githubusercontent.com/magicoamorbebe-bot/magicoamor/main/imagenes/3617_gr1-74bfee9d0bafb7719117793697750567-480-0.webp?raw=true,imagenes/3617_gr1-74bfee9d0bafb7719117793697750567-480-0.webp,exact_url_path,WEBP,480,716,68214
92,Conjunto Plush Osito - Gris,galeria,https://raw.githubusercontent.com/magicoamorbebe-bot/magicoamor/main/imagenes/3617_gr2-5143caf6d25fb75e3917793697753725-480-0.webp?raw=true,imagenes/3617_gr2-5143caf6d25fb75e3917793697753725-480-0.webp,exact_url_path,WEBP,480,716,60978
93,Conjunto de Gamuza - Viña,principal,https://raw.githubusercontent.com/magicoamorbebe-bot/magicoamor/main/imagenes/gamuza%20vi%C3%B1a.webp?raw=true,imagenes/gamuza viña.webp,exact_url_path,WEBP,480,600,30802
94,Conjunto Frisa - Salmón,principal,https://raw.githubusercontent.com/magicoamorbebe-bot/magicoamor/main/imagenes/conjflor_rs-58280cf34e9c5553be17787680933535-1024-1024.webp?raw=true,imagenes/conjflor_rs-58280cf34e9c5553be17787680933535-1024-1024.webp,exact_url_path,WEBP,1024,1527,103030
94,Conjunto Frisa - Salmón,galeria,https://raw.githubusercontent.com/magicoamorbebe-bot/magicoamor/main/imagenes/conjflor_rs1-8b0bf1c1350854e92d17787680935442-480-0.webp?raw=true,imagenes/conjflor_rs1-8b0bf1c1350854e92d17787680935442-480-0.webp,exact_url_path,WEBP,480,716,49910
95,Conjunto Frisa - Verde Acuarela,principal,https://raw.githubusercontent.com/magicoamorbebe-bot/magicoamor/main/imagenes/Gemini_Generated_Image_6bixyz6bixyz6bix.png?raw=true,imagenes/Gemini_Generated_Image_6bixyz6bixyz6bix.png,exact_url_path,PNG,1696,2528,7296565
95,Conjunto Frisa - Verde Acuarela,galeria,https://raw.githubusercontent.com/magicoamorbebe-bot/magicoamor/main/imagenes/conjflor_vd1-8b2407a396b894661c17773042874314-480-0.webp?raw=true,imagenes/conjflor_vd1-8b2407a396b894661c17773042874314-480-0.webp,exact_url_path,WEBP,480,716,88844
95,Conjunto Frisa - Verde Acuarela,galeria,https://raw.githubusercontent.com/magicoamorbebe-bot/magicoamor/main/imagenes/conjfkir_vd3-7806e09d7bb34436a717773042876386-240-0.webp?raw=true,imagenes/conjfkir_vd3-7806e09d7bb34436a717773042876386-240-0.webp,exact_url_path,WEBP,240,358,28454
96,Conjunto Frisa - Gris,principal,https://raw.githubusercontent.com/magicoamorbebe-bot/magicoamor/main/imagenes/Gemini_Generated_Image_1rnlha1rnlha1rnl.png?raw=true,imagenes/Gemini_Generated_Image_1rnlha1rnlha1rnl.png,exact_url_path,PNG,1792,2382,7855268
97,Conjunto Frisa - Aero,principal,https://raw.githubusercontent.com/magicoamorbebe-bot/magicoamor/main/imagenes/Gemini_Generated_Image_at6v2jat6v2jat6v.png?raw=true,imagenes/Gemini_Generated_Image_at6v2jat6v2jat6v.png,exact_url_path,PNG,1792,2382,7235731
98,Conjunto Frisa - Talampaya,principal,https://github.com/magicoamorbebe-bot/magicoamor/blob/main/Gemini_Generated_Image_hfo2euhfo2euhfo2.png?raw=true,Gemini_Generated_Image_hfo2euhfo2euhfo2.png,exact_url_path,PNG,1696,2528,7541713
99,Conjunto 3 piezas - Gabi,principal,https://github.com/magicoamorbebe-bot/magicoamor/blob/main/imagenes/Gemini_Generated_Image_oxog3zoxog3zoxog.jpg?raw=true,imagenes/Gemini_Generated_Image_oxog3zoxog3zoxog.jpg,exact_url_path,JPEG,1694,2528,2306273
100,Ajuar 6 piezas - Thais,principal,https://github.com/magicoamorbebe-bot/magicoamor/blob/main/imagenes/Set%206%20piezas%20%20(1).png?raw=true,imagenes/Set 6 piezas  (1).png,exact_url_path,PNG,1920,2180,6574828
100,Ajuar 6 piezas - Thais,galeria,https://github.com/magicoamorbebe-bot/magicoamor/blob/main/imagenes/Set%206%20piezas%20%20(1).webp?raw=true,imagenes/Set 6 piezas  (1).webp,exact_url_path,WEBP,480,716,54890
100,Ajuar 6 piezas - Thais,galeria,https://github.com/magicoamorbebe-bot/magicoamor/blob/main/imagenes/Set%206%20piezas%20%20(2).webp?raw=true,imagenes/Set 6 piezas  (2).webp,exact_url_path,WEBP,480,716,58268
101,Enterito Plush Rayas - Azul,principal,https://raw.githubusercontent.com/magicoamorbebe-bot/magicoamor/main/imagenes/enterito%20azul.webp?raw=true,imagenes/enterito azul.webp,exact_url_path,WEBP,480,600,40962
102,Enterito Plush Rayas - Verde,principal,https://raw.githubusercontent.com/magicoamorbebe-bot/magicoamor/main/imagenes/enterito%20verde.webp?raw=true,imagenes/enterito verde.webp,exact_url_path,WEBP,1024,1280,162820
103,Enterito Plush - Floral Aqua,principal,https://github.com/magicoamorbebe-bot/magicoamor/blob/main/imagenes/Enterito%20Plush%20Aqua.png?raw=true,imagenes/Enterito Plush Aqua.png,exact_url_path,PNG,1694,2528,6659456
104,Enterito Plush - Floral Blanco,principal,https://raw.githubusercontent.com/magicoamorbebe-bot/magicoamor/main/imagenes/Gemini_Generated_Image_vn5wkevn5wkevn5w.png?raw=true,imagenes/Gemini_Generated_Image_vn5wkevn5wkevn5w.png,exact_url_path,PNG,1792,2382,6535158
104,Enterito Plush - Floral Blanco,galeria,https://raw.githubusercontent.com/magicoamorbebe-bot/magicoamor/main/imagenes/nf601728-1-7364d8ec7f5326d1b517528449267772-480-0.webp?raw=true,imagenes/nf601728-1-7364d8ec7f5326d1b517528449267772-480-0.webp,exact_url_path,WEBP,480,720,51746
105,Enterito Frisa - Gris,principal,https://github.com/magicoamorbebe-bot/magicoamor/blob/main/Enterito%20Algod%C3%B3n%20Frisa%20-%20Gris%20(2).webp?raw=true,Enterito Algodón Frisa - Gris (2).webp,exact_url_path,WEBP,480,716,98776
105,Enterito Frisa - Gris,galeria,https://github.com/magicoamorbebe-bot/magicoamor/blob/main/Enterito%20Algod%C3%B3n%20Frisa%20-%20Gris%20(3).webp?raw=true,Enterito Algodón Frisa - Gris (3).webp,exact_url_path,WEBP,1024,1528,197068
105,Enterito Frisa - Gris,galeria,https://github.com/magicoamorbebe-bot/magicoamor/blob/main/Enterito%20Algod%C3%B3n%20Frisa%20-%20Gris%20(1).webp?raw=true,Enterito Algodón Frisa - Gris (1).webp,exact_url_path,WEBP,480,716,106760
106,Enterito Frisa - Beige,principal,https://github.com/magicoamorbebe-bot/magicoamor/blob/main/Enterito%20Algod%C3%B3n%20Frisa%20-%20Beige%20(2).webp?raw=true,Enterito Algodón Frisa - Beige (2).webp,exact_url_path,WEBP,480,716,87536
106,Enterito Frisa - Beige,galeria,https://github.com/magicoamorbebe-bot/magicoamor/blob/main/Enterito%20Algod%C3%B3n%20Frisa%20-%20Beige%20(3).webp?raw=true,Enterito Algodón Frisa - Beige (3).webp,exact_url_path,WEBP,1024,1528,206812
106,Enterito Frisa - Beige,galeria,https://github.com/magicoamorbebe-bot/magicoamor/blob/main/Enterito%20Algod%C3%B3n%20Frisa%20-%20Beige%20(1).webp?raw=true,Enterito Algodón Frisa - Beige (1).webp,exact_url_path,WEBP,480,716,90702
107,Enterito Frisa - Azul,principal,https://github.com/magicoamorbebe-bot/magicoamor/blob/main/Enterito%20Algod%C3%B3n%20Frisa%20-%20Azul%20%20(1).png?raw=true,Enterito Algodón Frisa - Azul  (1).png,exact_url_path,PNG,1694,2528,6471508
107,Enterito Frisa - Azul,galeria,https://github.com/magicoamorbebe-bot/magicoamor/blob/main/Enterito%20Algod%C3%B3n%20Frisa%20-%20Azul%20%20(1).webp?raw=true,Enterito Algodón Frisa - Azul  (1).webp,exact_url_path,WEBP,480,716,80364
107,Enterito Frisa - Azul,galeria,https://github.com/magicoamorbebe-bot/magicoamor/blob/main/Enterito%20Algod%C3%B3n%20Frisa%20-%20Azul%20%20(2).png?raw=true,Enterito Algodón Frisa - Azul  (2).png,exact_url_path,PNG,1694,2528,6400090
108,Enterito Frisa - Rosa,principal,https://github.com/magicoamorbebe-bot/magicoamor/blob/main/imagenes/Enterito%20Fiama%20(1).png?raw=true,imagenes/Enterito Fiama (1).png,exact_url_path,PNG,1694,2528,6837473
108,Enterito Frisa - Rosa,galeria,https://github.com/magicoamorbebe-bot/magicoamor/blob/main/imagenes/Enterito%20Fiama%20(2).webp?raw=true,imagenes/Enterito Fiama (2).webp,exact_url_path,WEBP,1024,1528,284928
108,Enterito Frisa - Rosa,galeria,https://github.com/magicoamorbebe-bot/magicoamor/blob/main/imagenes/Enterito%20Fiama%20(1).webp?raw=true,imagenes/Enterito Fiama (1).webp,exact_url_path,WEBP,640,955,97222
109,Enterito Algodón Conejo - Natural,principal,https://raw.githubusercontent.com/magicoamorbebe-bot/magicoamor/main/imagenes/Gemini_Generated_Image_lsx3n3lsx3n3lsx3.png?raw=true,imagenes/Gemini_Generated_Image_lsx3n3lsx3n3lsx3.png,exact_url_path,PNG,1694,2528,7137628
110,Enterito Algodón Osito - Natural,principal,https://github.com/magicoamorbebe-bot/magicoamor/blob/main/imagenes/Enterito%20Algod%C3%B3n%20Osito%20-%20Natural.png?raw=true,imagenes/Enterito Algodón Osito - Natural.png,exact_url_path,PNG,1694,2528,5529549
111,Enterito Mia - Natural,principal,https://raw.githubusercontent.com/magicoamorbebe-bot/magicoamor/main/imagenes/Gemini_Generated_Image_gb28vlgb28vlgb28.png?raw=true,imagenes/Gemini_Generated_Image_gb28vlgb28vlgb28.png,exact_url_path,PNG,896,1192,1363865
112,Enterito Paulo - Beige,principal,https://raw.githubusercontent.com/magicoamorbebe-bot/magicoamor/main/imagenes/Gemini_Generated_Image_ad99v7ad99v7ad99.png?raw=true,imagenes/Gemini_Generated_Image_ad99v7ad99v7ad99.png,exact_url_path,PNG,896,1192,1689086
113,Enterito Paulo - Gris,principal,https://raw.githubusercontent.com/magicoamorbebe-bot/magicoamor/main/imagenes/Gemini_Generated_Image_ncqjlmncqjlmncqj.png?raw=true,imagenes/Gemini_Generated_Image_ncqjlmncqjlmncqj.png,exact_url_path,PNG,896,1192,1719224
114,Enterito Tao - Mostaza,principal,https://raw.githubusercontent.com/magicoamorbebe-bot/magicoamor/main/imagenes/Enterito%20Tao%20(2).webp?raw=true,imagenes/Enterito Tao (2).webp,exact_url_path,WEBP,1024,1527,172384
114,Enterito Tao - Mostaza,galeria,https://raw.githubusercontent.com/magicoamorbebe-bot/magicoamor/main/imagenes/Enterito%20Tao%20(1).webp?raw=true,imagenes/Enterito Tao (1).webp,exact_url_path,WEBP,640,955,189898
115,Jardinero Sara - Jeans,principal,https://raw.githubusercontent.com/magicoamorbebe-bot/magicoamor/main/imagenes/jardinero%20sara%20(2).jpeg?raw=true,imagenes/jardinero sara (2).jpeg,exact_url_path,JPEG,1024,1527,228002
115,Jardinero Sara - Jeans,galeria,https://raw.githubusercontent.com/magicoamorbebe-bot/magicoamor/main/imagenes/jardinero%20sara%20(1).jpeg?raw=true,imagenes/jardinero sara (1).jpeg,exact_url_path,JPEG,480,720,43053
116,Medio Osito - Blanco,principal,https://raw.githubusercontent.com/magicoamorbebe-bot/magicoamor/main/imagenes/Gemini_Generated_Image_us883tus883tus88.png?raw=true,imagenes/Gemini_Generated_Image_us883tus883tus88.png,exact_url_path,PNG,1191,896,2522045
117,Medio Osito - Gris Melange,principal,https://raw.githubusercontent.com/magicoamorbebe-bot/magicoamor/main/imagenes/Gemini_Generated_Image_4f3edi4f3edi4f3e.png?raw=true,imagenes/Gemini_Generated_Image_4f3edi4f3edi4f3e.png,exact_url_path,PNG,896,1191,3956191
118,Medio Osito - Natural,principal,https://raw.githubusercontent.com/magicoamorbebe-bot/magicoamor/main/imagenes/Gemini_Generated_Image_f80kpff80kpff80k.png?raw=true,imagenes/Gemini_Generated_Image_f80kpff80kpff80k.png,exact_url_path,PNG,1191,896,2637482
119,Medio Osito - Natural,principal,https://github.com/magicoamorbebe-bot/magicoamor/blob/main/imagenes/255f4410-b4d9-4130-9fe0-6d0f83e45efc.jpg?raw=true,,pending,,,,
120,Medio Osito - Blanco,principal,https://github.com/magicoamorbebe-bot/magicoamor/blob/main/imagenes/7bb90bb0-88d1-4e56-b319-76dedfc4702c.jpg?raw=true,,pending,,,,
121,Pantalón Algodón - Beige,principal,https://raw.githubusercontent.com/magicoamorbebe-bot/magicoamor/main/imagenes/Gemini_Generated_Image_mszfklmszfklmszf.png?raw=true,imagenes/Gemini_Generated_Image_mszfklmszfklmszf.png,exact_url_path,PNG,2382,1792,5538388
122,Pantalón Algodón - Camel,principal,https://raw.githubusercontent.com/magicoamorbebe-bot/magicoamor/main/imagenes/Gemini_Generated_Image_sw7b2tsw7b2tsw7b.png?raw=true,imagenes/Gemini_Generated_Image_sw7b2tsw7b2tsw7b.png,exact_url_path,PNG,1792,2382,5829021
123,Pantalón Algodón - Gris Melange,principal,https://github.com/magicoamorbebe-bot/magicoamor/blob/main/imagenes/Pantal%C3%B3n%20Algod%C3%B3n%20-%20Gris%20Melange.jpeg?raw=true,imagenes/Pantalón Algodón - Gris Melange.jpeg,exact_url_path,JPEG,1204,1600,227547
124,Pantalón Algodón - Estampado Floral,principal,https://github.com/magicoamorbebe-bot/magicoamor/blob/main/imagenes/Pantal%C3%B3n%20Estampado.jpeg?raw=true,imagenes/Pantalón Estampado.jpeg,exact_url_path,JPEG,1204,1600,186265
125,Pantalón Algodón - Estampado Corazón,principal,https://raw.githubusercontent.com/magicoamorbebe-bot/magicoamor/main/imagenes/e509_nena1c-3c159ef6eac5b37d8e17619183860248-480-0.webp?raw=true,imagenes/e509_nena1c-3c159ef6eac5b37d8e17619183860248-480-0.webp,exact_url_path,WEBP,480,716,20110
126,Pantalón Algodón - Estampado Flores,principal,https://raw.githubusercontent.com/magicoamorbebe-bot/magicoamor/main/imagenes/e509_nena2-42d4ecebce02297dde17619183859989-1024-1024.webp?raw=true,imagenes/e509_nena2-42d4ecebce02297dde17619183859989-1024-1024.webp,exact_url_path,WEBP,1024,1527,101930
127,Pantalón Algodón Liso - Celeste,principal,https://raw.githubusercontent.com/magicoamorbebe-bot/magicoamor/main/imagenes/WhatsApp%20Image%202026-05-22%20at%2018.07.40.jpeg?raw=true,imagenes/WhatsApp Image 2026-05-22 at 18.07.40.jpeg,exact_url_path,JPEG,480,716,34389
128,Pantalón Algodón Liso - Tostado,principal,https://raw.githubusercontent.com/magicoamorbebe-bot/magicoamor/main/imagenes/WhatsApp%20Image%202026-05-22%20at%2018.07.38.jpeg?raw=true,imagenes/WhatsApp Image 2026-05-22 at 18.07.38.jpeg,exact_url_path,JPEG,480,716,42962
129,Pantalón Algodón Liso - Rosa Claro,principal,https://github.com/magicoamorbebe-bot/magicoamor/blob/main/imagenes/Pantal%C3%B3n%20Rosa%20Claro%20T0.jpeg?raw=true,imagenes/Pantalón Rosa Claro T0.jpeg,exact_url_path,JPEG,1204,1600,242815
130,Pantalón Algodón Liso - Gris Melange,principal,https://raw.githubusercontent.com/magicoamorbebe-bot/magicoamor/main/imagenes/509_gr-3ef59ea428f849d6f917607157929908-480-0.webp?raw=true,imagenes/509_gr-3ef59ea428f849d6f917607157929908-480-0.webp,exact_url_path,WEBP,480,716,32736
131,Pantalón Algodón Liso - Azul,principal,https://raw.githubusercontent.com/magicoamorbebe-bot/magicoamor/main/imagenes/Gemini_Generated_Image_2gkixr2gkixr2gki.png?raw=true,imagenes/Gemini_Generated_Image_2gkixr2gkixr2gki.png,exact_url_path,PNG,1792,2382,6527697
132,Pantalón Algodón Liso - Gris Melange Claro,principal,https://raw.githubusercontent.com/magicoamorbebe-bot/magicoamor/main/imagenes/WhatsApp%20Image%202026-05-22%20at%2018.07.39%20(1).jpeg?raw=true,imagenes/WhatsApp Image 2026-05-22 at 18.07.39 (1).jpeg,exact_url_path,JPEG,1024,1527,169309
133,Pantalón Algodón Liso - Rosa,principal,https://github.com/magicoamorbebe-bot/magicoamor/blob/main/imagenes/Pantal%C3%B3n%20Rosa%20Chicle%20T1.jpeg?raw=true,imagenes/Pantalón Rosa Chicle T1.jpeg,exact_url_path,JPEG,1204,1600,244974
134,Pantalón Algodón Liso - Gris,principal,https://raw.githubusercontent.com/magicoamorbebe-bot/magicoamor/main/imagenes/WhatsApp%20Image%202026-05-22%20at%2018.08.18.jpeg?raw=true,imagenes/WhatsApp Image 2026-05-22 at 18.08.18.jpeg,exact_url_path,JPEG,480,716,43361
135,Pantalón Algodón Liso - Natural,principal,https://github.com/magicoamorbebe-bot/magicoamor/blob/main/imagenes/Pantal%C3%B3n%20Natural.jpeg?raw=true,imagenes/Pantalón Natural.jpeg,exact_url_path,JPEG,1204,1600,222321
136,Pantalón Algodón Liso - Blanco,principal,https://github.com/magicoamorbebe-bot/magicoamor/blob/main/imagenes/Pantal%C3%B3n%20Algod%C3%B3n%20Liso%20-%20Blanco.png?raw=true,imagenes/Pantalón Algodón Liso - Blanco.png,exact_url_path,PNG,1792,2382,7986992
137,Pantalón Algodón Liso - Rosa,principal,https://raw.githubusercontent.com/magicoamorbebe-bot/magicoamor/main/imagenes/509_rs-4ece321d339cd0472417607160772300-1024-1024.webp?raw=true,imagenes/509_rs-4ece321d339cd0472417607160772300-1024-1024.webp,exact_url_path,WEBP,1024,1527,78118
138,Pantalón Algodón Liso - Rosa,principal,https://github.com/magicoamorbebe-bot/magicoamor/blob/main/imagenes/Pantal%C3%B3n%20Rosa%20T3.jpeg?raw=true,imagenes/Pantalón Rosa T3.jpeg,exact_url_path,JPEG,1204,1600,212625
139,Calza - Beige,principal,https://raw.githubusercontent.com/magicoamorbebe-bot/magicoamor/main/imagenes/Gemini_Generated_Image_i8lsvji8lsvji8ls.png?raw=true,imagenes/Gemini_Generated_Image_i8lsvji8lsvji8ls.png,exact_url_path,PNG,1792,2382,10683935
140,Calza - Natural,principal,https://raw.githubusercontent.com/magicoamorbebe-bot/magicoamor/main/imagenes/Gemini_Generated_Image_y3cqhqy3cqhqy3cq.png?raw=true,imagenes/Gemini_Generated_Image_y3cqhqy3cqhqy3cq.png,exact_url_path,PNG,2382,1792,4874025
141,Calza Morley Alice,principal,https://raw.githubusercontent.com/magicoamorbebe-bot/magicoamor/main/imagenes/Gemini_Generated_Image_7zt9n17zt9n17zt9.png?raw=true,imagenes/Gemini_Generated_Image_7zt9n17zt9n17zt9.png,exact_url_path,PNG,1792,2382,9473584
141,Calza Morley Alice,galeria,https://raw.githubusercontent.com/magicoamorbebe-bot/magicoamor/main/imagenes/Gemini_Generated_Image_xwq0lpxwq0lpxwq0.png?raw=true,imagenes/Gemini_Generated_Image_xwq0lpxwq0lpxwq0.png,exact_url_path,PNG,896,1192,1993488
142,Pantalón Frisa - Gris Melange,principal,https://github.com/magicoamorbebe-bot/magicoamor/blob/main/imagenes/Pantal%C3%B3n%20Frisa%20Gris%20Melange.webp?raw=true,imagenes/Pantalón Frisa Gris Melange.webp,exact_url_path,WEBP,480,716,37044
143,Buzo Frisa Taylor - Gris,principal,https://github.com/magicoamorbebe-bot/magicoamor/blob/main/imagenes/Buzo%20Taylor%20Gris%20(1).webp?raw=true,imagenes/Buzo Taylor Gris (1).webp,exact_url_path,WEBP,1024,1528,134462
143,Buzo Frisa Taylor - Gris,galeria,https://github.com/magicoamorbebe-bot/magicoamor/blob/main/imagenes/Buzo%20Taylor%20Gris%20(2).webp?raw=true,imagenes/Buzo Taylor Gris (2).webp,exact_url_path,WEBP,480,716,107814
144,Buzo Frisa Taylor - Aero,principal,https://github.com/magicoamorbebe-bot/magicoamor/blob/main/imagenes/Buzo%20Taylor%20Aero%20(1).webp?raw=true,imagenes/Buzo Taylor Aero (1).webp,exact_url_path,WEBP,1024,1528,156204
144,Buzo Frisa Taylor - Aero,galeria,https://github.com/magicoamorbebe-bot/magicoamor/blob/main/imagenes/Buzo%20Taylor%20Aero%20(2).webp?raw=true,imagenes/Buzo Taylor Aero (2).webp,exact_url_path,WEBP,480,716,96730
145,Buzo Frisa Serena - Rosa,principal,https://github.com/magicoamorbebe-bot/magicoamor/blob/main/Buzo%20Serena%20-%20Rosa%20(2).webp?raw=true,Buzo Serena - Rosa (2).webp,exact_url_path,WEBP,1024,1528,124314
145,Buzo Frisa Serena - Rosa,galeria,https://github.com/magicoamorbebe-bot/magicoamor/blob/main/imagenes/Buzo%20Serena%20-%20Rosa%20(1).webp?raw=true,imagenes/Buzo Serena - Rosa (1).webp,exact_url_path,WEBP,1024,1528,218170
146,Buzo Frisa Osito - Beige,principal,https://github.com/magicoamorbebe-bot/magicoamor/blob/main/imagenes/Buzo%20Frisa%20Osito.png?raw=true,imagenes/Buzo Frisa Osito.png,exact_url_path,PNG,1694,2528,5960369
146,Buzo Frisa Osito - Beige,galeria,https://github.com/magicoamorbebe-bot/magicoamor/blob/main/imagenes/Buzo%20Frisa%20Osito.webp?raw=true,imagenes/Buzo Frisa Osito.webp,exact_url_path,WEBP,480,716,69668
147,Campera Frisa Serena - Rosa,principal,https://github.com/magicoamorbebe-bot/magicoamor/blob/main/imagenes/Campera%20Serena%20Rosa%20(2).webp?raw=true,imagenes/Campera Serena Rosa (2).webp,exact_url_path,WEBP,1024,1527,91402
147,Campera Frisa Serena - Rosa,galeria,https://github.com/magicoamorbebe-bot/magicoamor/blob/main/imagenes/Campera%20Serena%20Rosa%20(1).webp?raw=true,imagenes/Campera Serena Rosa (1).webp,exact_url_path,WEBP,1024,1536,244422
148,Campera Frisa - Texaco,principal,https://raw.githubusercontent.com/magicoamorbebe-bot/magicoamor/main/imagenes/Gemini_Generated_Image_bzek26bzek26bzek.png?raw=true,imagenes/Gemini_Generated_Image_bzek26bzek26bzek.png,exact_url_path,PNG,1792,2382,8608508
149,Campera Frisa - Orquidia,principal,https://raw.githubusercontent.com/magicoamorbebe-bot/magicoamor/main/imagenes/3406_orq-0d6c725141a66b425d17525206443397-1024-1024.webp?raw=true,imagenes/3406_orq-0d6c725141a66b425d17525206443397-1024-1024.webp,exact_url_path,WEBP,1024,1344,82190
150,Campera Algodón - Gris Melange,principal,https://raw.githubusercontent.com/magicoamorbebe-bot/magicoamor/main/imagenes/Gemini_Generated_Image_g17x5dg17x5dg17x.png?raw=true,imagenes/Gemini_Generated_Image_g17x5dg17x5dg17x.png,exact_url_path,PNG,896,1192,1637396
151,Campera Algodón c/volado - Gris Melange,principal,https://raw.githubusercontent.com/magicoamorbebe-bot/magicoamor/main/imagenes/Gemini_Generated_Image_xiozyhxiozyhxioz.png?raw=true,imagenes/Gemini_Generated_Image_xiozyhxiozyhxioz.png,exact_url_path,PNG,896,1192,1926905
152,Campera Algodón c/volado - Salmón,principal,https://raw.githubusercontent.com/magicoamorbebe-bot/magicoamor/main/imagenes/Gemini_Generated_Image_lpb7p9lpb7p9lpb7.png?raw=true,imagenes/Gemini_Generated_Image_lpb7p9lpb7p9lpb7.png,exact_url_path,PNG,896,1192,1393632
153,Saquito soft - Dulce de Leche,principal,https://raw.githubusercontent.com/magicoamorbebe-bot/magicoamor/main/imagenes/Gemini_Generated_Image_6k3qv6k3qv6k3qv6.png?raw=true,imagenes/Gemini_Generated_Image_6k3qv6k3qv6k3qv6.png,exact_url_path,PNG,1024,1024,1301364
154,Saquito soft - Malva,principal,https://raw.githubusercontent.com/magicoamorbebe-bot/magicoamor/main/imagenes/Gemini_Generated_Image_a8yljpa8yljpa8yl.png?raw=true,imagenes/Gemini_Generated_Image_a8yljpa8yljpa8yl.png,exact_url_path,PNG,1024,1024,1490338
155,Body Florencia - Verde Musgo,principal,https://github.com/magicoamorbebe-bot/magicoamor/blob/main/imagenes/Body%20Florencia%20(2).webp?raw=true,,pending,,,,
155,Body Florencia - Verde Musgo,galeria,https://github.com/magicoamorbebe-bot/magicoamor/blob/main/imagenes/Body%20Florencia%20(1).webp?raw=true,,pending,,,,
156,Body con broches - Blanco c/gris,principal,https://github.com/magicoamorbebe-bot/magicoamor/blob/main/imagenes/Body%20con%20broches%20blanco.webp?raw=true,,pending,,,,
157,Body con broches - Celeste,principal,https://github.com/magicoamorbebe-bot/magicoamor/blob/main/imagenes/Body%20con%20Broches%20celeste.webp?raw=true,,pending,,,,
158,Body Wild - Beige,principal,https://github.com/magicoamorbebe-bot/magicoamor/blob/main/imagenes/Body%20Wild%20(2).webp?raw=true,,pending,,,,
158,Body Wild - Beige,galeria,https://github.com/magicoamorbebe-bot/magicoamor/blob/main/imagenes/Body%20Wild%20(1).webp?raw=true,,pending,,,,
159,Body Alyson - Natural,principal,https://raw.githubusercontent.com/magicoamorbebe-bot/magicoamor/main/imagenes/alison%20(1).webp?raw=true,imagenes/alison (1).webp,exact_url_path,WEBP,1024,1527,142186
159,Body Alyson - Natural,galeria,https://raw.githubusercontent.com/magicoamorbebe-bot/magicoamor/main/imagenes/alison%20(2).webp?raw=true,imagenes/alison (2).webp,exact_url_path,WEBP,1024,1527,308132
160,Body Aurora - Blanco,principal,https://raw.githubusercontent.com/magicoamorbebe-bot/magicoamor/main/imagenes/aurora%20(1).jpeg?raw=true,imagenes/aurora (1).jpeg,exact_url_path,JPEG,1024,1527,160310
160,Body Aurora - Blanco,galeria,https://raw.githubusercontent.com/magicoamorbebe-bot/magicoamor/main/imagenes/aurora%20(2).jpeg?raw=true,imagenes/aurora (2).jpeg,exact_url_path,JPEG,1024,1536,188634
161,Body bombachudo broderie - Blanco,principal,https://raw.githubusercontent.com/magicoamorbebe-bot/magicoamor/main/imagenes/dsc00145-2-13ddad2dc8b522022717557120021436-1024-1024.webp?raw=true,imagenes/dsc00145-2-13ddad2dc8b522022717557120021436-1024-1024.webp,exact_url_path,WEBP,1024,1536,172328
162,Body Bree - Beige,principal,https://raw.githubusercontent.com/magicoamorbebe-bot/magicoamor/main/imagenes/Body%20Estampado%20Bree%20Beige%20(1).webp?raw=true,imagenes/Body Estampado Bree Beige (1).webp,exact_url_path,WEBP,1024,1527,139558
162,Body Bree - Beige,galeria,https://raw.githubusercontent.com/magicoamorbebe-bot/magicoamor/main/imagenes/Body%20Estampado%20Bree%20Beige%20(2).webp?raw=true,imagenes/Body Estampado Bree Beige (2).webp,exact_url_path,WEBP,640,955,138456
163,Body Bree - Azul,principal,https://raw.githubusercontent.com/magicoamorbebe-bot/magicoamor/main/imagenes/bree%20azul%20(1).webp?raw=true,imagenes/bree azul (1).webp,exact_url_path,WEBP,1024,1527,159038
163,Body Bree - Azul,galeria,https://raw.githubusercontent.com/magicoamorbebe-bot/magicoamor/main/imagenes/bree%20azul%20(2).webp?raw=true,imagenes/bree azul (2).webp,exact_url_path,WEBP,640,955,145956
164,Body Bree - Blanco,principal,https://raw.githubusercontent.com/magicoamorbebe-bot/magicoamor/main/imagenes/Body%20Bree%20Blanco%20(1).webp?raw=true,imagenes/Body Bree Blanco (1).webp,exact_url_path,WEBP,1024,1527,183838
164,Body Bree - Blanco,galeria,https://raw.githubusercontent.com/magicoamorbebe-bot/magicoamor/main/imagenes/Body%20Bree%20Blanco%20(2).webp?raw=true,imagenes/Body Bree Blanco (2).webp,exact_url_path,WEBP,1024,1527,351108
165,Body Bree - Salmón,principal,https://raw.githubusercontent.com/magicoamorbebe-bot/magicoamor/main/imagenes/bree%20salmon.webp?raw=true,imagenes/bree salmon.webp,exact_url_path,WEBP,1024,1527,158320
166,Body Charlotte - Blanco,principal,https://raw.githubusercontent.com/magicoamorbebe-bot/magicoamor/main/imagenes/charlotte%20(2).webp?raw=true,imagenes/charlotte (2).webp,exact_url_path,WEBP,1024,1527,163494
166,Body Charlotte - Blanco,galeria,https://raw.githubusercontent.com/magicoamorbebe-bot/magicoamor/main/imagenes/charlotte%20(1).webp?raw=true,imagenes/charlotte (1).webp,exact_url_path,WEBP,1024,1527,304058
167,Body con vincha Eliza - Orquidia,principal,https://raw.githubusercontent.com/magicoamorbebe-bot/magicoamor/main/imagenes/Gemini_Generated_Image_lyzwvwlyzwvwlyzw.png?raw=true,imagenes/Gemini_Generated_Image_lyzwvwlyzwvwlyzw.png,exact_url_path,PNG,922,1152,2246703
168,Body Lena - Natural,principal,https://raw.githubusercontent.com/magicoamorbebe-bot/magicoamor/main/imagenes/Body%20Lena%20Natural%20(2).webp?raw=true,imagenes/Body Lena Natural (2).webp,exact_url_path,WEBP,1024,1527,81724
168,Body Lena - Natural,galeria,https://raw.githubusercontent.com/magicoamorbebe-bot/magicoamor/main/imagenes/Body%20Lena%20Natural%20(1).webp?raw=true,imagenes/Body Lena Natural (1).webp,exact_url_path,WEBP,640,955,67258
169,Body Lena - Rosa,principal,https://raw.githubusercontent.com/magicoamorbebe-bot/magicoamor/main/imagenes/lena%20rosa%20(2).webp?raw=true,imagenes/lena rosa (2).webp,exact_url_path,WEBP,480,716,43352
169,Body Lena - Rosa,galeria,https://raw.githubusercontent.com/magicoamorbebe-bot/magicoamor/main/imagenes/lena%20rosa%20(1).webp?raw=true,imagenes/lena rosa (1).webp,exact_url_path,WEBP,480,716,22626
170,Body Little Oso - Blanco,principal,https://raw.githubusercontent.com/magicoamorbebe-bot/magicoamor/main/imagenes/little%20blanco.webp?raw=true,imagenes/little blanco.webp,exact_url_path,WEBP,640,955,38874
170,Body Little Oso - Blanco,galeria,https://raw.githubusercontent.com/magicoamorbebe-bot/magicoamor/main/imagenes/bodyll_osobl2-504790859591b8c97117568194072782-640-0%20(1).webp?raw=true,imagenes/bodyll_osobl2-504790859591b8c97117568194072782-640-0 (1).webp,exact_url_path,WEBP,640,955,110218
171,Body Maia - Blanco,principal,https://raw.githubusercontent.com/magicoamorbebe-bot/magicoamor/main/imagenes/Gemini_Generated_Image_u178eru178eru178.png?raw=true,imagenes/Gemini_Generated_Image_u178eru178eru178.png,exact_url_path,PNG,922,1152,1740089
171,Body Maia - Blanco,galeria,https://raw.githubusercontent.com/magicoamorbebe-bot/magicoamor/main/imagenes/WhatsApp_Image_2026-05-17_at_18.15.45_39_uq6qsk.jpg?raw=true,imagenes/WhatsApp_Image_2026-05-17_at_18.15.45_39_uq6qsk.jpg,exact_url_path,JPEG,480,600,55230
172,Body Mateo - Natural,principal,https://raw.githubusercontent.com/magicoamorbebe-bot/magicoamor/main/imagenes/mateo%20robot.webp?raw=true,imagenes/mateo robot.webp,exact_url_path,WEBP,1024,1527,100190
173,Body Mateo - Celeste,principal,https://raw.githubusercontent.com/magicoamorbebe-bot/magicoamor/main/imagenes/Gemini_Generated_Image_5i2foc5i2foc5i2f.png?raw=true,imagenes/Gemini_Generated_Image_5i2foc5i2foc5i2f.png,exact_url_path,PNG,928,1146,1787900
174,Body Mateo - Gris Melange,principal,https://raw.githubusercontent.com/magicoamorbebe-bot/magicoamor/main/imagenes/Gemini_Generated_Image_vm1m76vm1m76vm1m.png?raw=true,imagenes/Gemini_Generated_Image_vm1m76vm1m76vm1m.png,exact_url_path,PNG,896,1191,1957093
175,Body Musculosa Genaro - Verde Cemento,principal,https://raw.githubusercontent.com/magicoamorbebe-bot/magicoamor/main/imagenes/body%20musculosa.webp?raw=true,imagenes/body musculosa.webp,exact_url_path,WEBP,1024,1527,179096
176,Body Nataniel Perritos - Celeste,principal,https://raw.githubusercontent.com/magicoamorbebe-bot/magicoamor/main/imagenes/Body%20Nataniel%20Celeste.webp?raw=true,imagenes/Body Nataniel Celeste.webp,exact_url_path,WEBP,1024,1527,130210
177,Body Nataniel Happy - Natural,principal,https://raw.githubusercontent.com/magicoamorbebe-bot/magicoamor/main/imagenes/Body%20Nataniel%20Natural.webp?raw=true,imagenes/Body Nataniel Natural.webp,exact_url_path,WEBP,640,955,40990
178,Body Nataniel Perritos - Natural,principal,https://raw.githubusercontent.com/magicoamorbebe-bot/magicoamor/main/imagenes/nataniel%20natural%20perrito.webp?raw=true,imagenes/nataniel natural perrito.webp,exact_url_path,WEBP,1024,1527,104738
179,Body Nataniel Perritos - Viña,principal,https://raw.githubusercontent.com/magicoamorbebe-bot/magicoamor/main/imagenes/nataniel%20vi%C3%B1a.jpeg?raw=true,imagenes/nataniel viña.jpeg,exact_url_path,JPEG,640,955,103372
180,Body Sandy Limón - Amarillo,principal,https://raw.githubusercontent.com/magicoamorbebe-bot/magicoamor/main/imagenes/Gemini_Generated_Image_bm4fu2bm4fu2bm4f.png?raw=true,imagenes/Gemini_Generated_Image_bm4fu2bm4fu2bm4f.png,exact_url_path,PNG,896,1191,1605871
181,Body Sandy Limón - Blanco,principal,https://raw.githubusercontent.com/magicoamorbebe-bot/magicoamor/main/imagenes/Gemini_Generated_Image_dzglmodzglmodzgl.png?raw=true,imagenes/Gemini_Generated_Image_dzglmodzglmodzgl.png,exact_url_path,PNG,896,1191,1215512
182,Body Sandy Limón - Rosa,principal,https://raw.githubusercontent.com/magicoamorbebe-bot/magicoamor/main/imagenes/Gemini_Generated_Image_r9e6o5r9e6o5r9e6.png?raw=true,imagenes/Gemini_Generated_Image_r9e6o5r9e6o5r9e6.png,exact_url_path,PNG,896,1191,1279256
183,Body Sandy Limón - Salmón,principal,https://raw.githubusercontent.com/magicoamorbebe-bot/magicoamor/main/imagenes/Gemini_Generated_Image_6lo7vk6lo7vk6lo7.png?raw=true,imagenes/Gemini_Generated_Image_6lo7vk6lo7vk6lo7.png,exact_url_path,PNG,896,1191,1566618
184,Body Sandy Nena - Rosa,principal,https://raw.githubusercontent.com/magicoamorbebe-bot/magicoamor/main/imagenes/sandy%20rosa%20tiger.webp?raw=true,imagenes/sandy rosa tiger.webp,exact_url_path,WEBP,1024,1527,70880
185,Body Sandy Tortuga - Viña,principal,https://raw.githubusercontent.com/magicoamorbebe-bot/magicoamor/main/imagenes/sandy%20vi%C3%B1a%20varon.webp?raw=true,imagenes/sandy viña varon.webp,exact_url_path,WEBP,1024,1527,85810
186,Body Sandy Dino - Viña,principal,https://raw.githubusercontent.com/magicoamorbebe-bot/magicoamor/main/imagenes/Gemini_Generated_Image_4rtu724rtu724rtu.png?raw=true,imagenes/Gemini_Generated_Image_4rtu724rtu724rtu.png,exact_url_path,PNG,896,1191,2195722
187,Body Sandy Tortuga - Amarillo,principal,https://raw.githubusercontent.com/magicoamorbebe-bot/magicoamor/main/imagenes/sandy%20amarillo%20varon.webp?raw=true,imagenes/sandy amarillo varon.webp,exact_url_path,WEBP,640,955,29046
188,Body Sandy Unisex - Amarillo,principal,https://raw.githubusercontent.com/magicoamorbebe-bot/magicoamor/main/imagenes/Gemini_Generated_Image_tsfkiatsfkiatsfk.png?raw=true,imagenes/Gemini_Generated_Image_tsfkiatsfkiatsfk.png,exact_url_path,PNG,896,1191,2055898
189,Body Sandy Unisex - Aqua,principal,https://raw.githubusercontent.com/magicoamorbebe-bot/magicoamor/main/imagenes/sandy%20aqua.jpeg?raw=true,imagenes/sandy aqua.jpeg,exact_url_path,JPEG,1024,1527,148973
190,Body Tiger - Beige,principal,https://raw.githubusercontent.com/magicoamorbebe-bot/magicoamor/main/imagenes/tiger%20beige.webp?raw=true,imagenes/tiger beige.webp,exact_url_path,WEBP,1024,1527,116122
191,Body Tiger - Blanco,principal,https://raw.githubusercontent.com/magicoamorbebe-bot/magicoamor/main/imagenes/tiger%20blanco.jpeg?raw=true,imagenes/tiger blanco.jpeg,exact_url_path,JPEG,1024,1527,176533
192,Body Rayado - Negro,principal,https://raw.githubusercontent.com/magicoamorbebe-bot/magicoamor/main/imagenes/WhatsApp%20Image%202026-05-27%20at%2016.23.48.jpeg?raw=true,imagenes/WhatsApp Image 2026-05-27 at 16.23.48.jpeg,exact_url_path,JPEG,1024,1527,280033
192,Body Rayado - Negro,galeria,https://raw.githubusercontent.com/magicoamorbebe-bot/magicoamor/main/imagenes/negro.jpeg?raw=true,imagenes/negro.jpeg,exact_url_path,JPEG,1024,1527,463283
193,Short Nena - Estampado Floral,principal,https://raw.githubusercontent.com/magicoamorbebe-bot/magicoamor/main/imagenes/short%20floral.jpeg?raw=true,imagenes/short floral.jpeg,exact_url_path,JPEG,640,955,81298
194,Short Nena - Estampado Caritas,principal,https://raw.githubusercontent.com/magicoamorbebe-bot/magicoamor/main/imagenes/Short%20Multiestampa%20Nena.webp?raw=true,imagenes/Short Multiestampa Nena.webp,exact_url_path,WEBP,640,955,64950
195,Short Varón - Estampado Talampaya,principal,https://raw.githubusercontent.com/magicoamorbebe-bot/magicoamor/main/imagenes/Short%20Talampaya%20Nene%20(2).webp?raw=true,imagenes/Short Talampaya Nene (2).webp,exact_url_path,WEBP,1024,1527,131440
195,Short Varón - Estampado Talampaya,galeria,https://raw.githubusercontent.com/magicoamorbebe-bot/magicoamor/main/imagenes/Short%20Talampaya%20Nene%20(1).webp?raw=true,imagenes/Short Talampaya Nene (1).webp,exact_url_path,WEBP,1024,1527,251984
196,Short Crepe Rústico - Salmon,principal,https://raw.githubusercontent.com/magicoamorbebe-bot/magicoamor/main/imagenes/Short%20crepe%20rustico%20salm%C3%B3n.webp?raw=true,imagenes/Short crepe rustico salmón.webp,exact_url_path,WEBP,1024,1527,116008
197,Short Rústico - Orquídea,principal,https://raw.githubusercontent.com/magicoamorbebe-bot/magicoamor/main/imagenes/short%20orquidea.jpeg?raw=true,imagenes/short orquidea.jpeg,exact_url_path,JPEG,640,955,80839
198,Short Rústico - Salmón,principal,https://raw.githubusercontent.com/magicoamorbebe-bot/magicoamor/main/imagenes/Gemini_Generated_Image_h4wdcfh4wdcfh4wd.png?raw=true,imagenes/Gemini_Generated_Image_h4wdcfh4wdcfh4wd.png,exact_url_path,PNG,896,1192,1607175
199,Short Rústico - Aero,principal,https://raw.githubusercontent.com/magicoamorbebe-bot/magicoamor/main/imagenes/short%20aero.jpeg?raw=true,imagenes/short aero.jpeg,exact_url_path,JPEG,480,716,50366
200,Short Rústico - Orquídea,principal,https://raw.githubusercontent.com/magicoamorbebe-bot/magicoamor/main/imagenes/Short%20Multi%20Nena.webp?raw=true,imagenes/Short Multi Nena.webp,exact_url_path,WEBP,1024,1527,118230
201,Short Rústico - Gris,principal,https://raw.githubusercontent.com/magicoamorbebe-bot/magicoamor/main/imagenes/Short%20Multi%20Nene.webp?raw=true,imagenes/Short Multi Nene.webp,exact_url_path,WEBP,1024,1527,204076
202,Short Rústico - Aqua,principal,https://raw.githubusercontent.com/magicoamorbebe-bot/magicoamor/main/imagenes/Short%20r%C3%BAstico%20var%C3%B3n.webp?raw=true,imagenes/Short rústico varón.webp,exact_url_path,WEBP,640,955,72462
203,Short Rústico - Beige,principal,https://raw.githubusercontent.com/magicoamorbebe-bot/magicoamor/main/imagenes/short%20beige.jpeg?raw=true,imagenes/short beige.jpeg,exact_url_path,JPEG,480,716,40604
204,Short Rústico - Mostaza,principal,https://raw.githubusercontent.com/magicoamorbebe-bot/magicoamor/main/imagenes/short%20mostaza.jpeg?raw=true,imagenes/short mostaza.jpeg,exact_url_path,JPEG,480,716,39425
205,Conjunto Bear - Negro,principal,https://raw.githubusercontent.com/magicoamorbebe-bot/magicoamor/main/imagenes/Set%20Bear%20Negro%20(1).webp?raw=true,imagenes/Set Bear Negro (1).webp,exact_url_path,WEBP,1024,1527,125672
205,Conjunto Bear - Negro,galeria,https://raw.githubusercontent.com/magicoamorbebe-bot/magicoamor/main/imagenes/Set%20Bear%20Negro%20(2).webp?raw=true,imagenes/Set Bear Negro (2).webp,exact_url_path,WEBP,1024,1527,264246
206,Conjunto Osito Bear - Gris,principal,https://raw.githubusercontent.com/magicoamorbebe-bot/magicoamor/main/imagenes/osito%20gris%20(1).webp?raw=true,imagenes/osito gris (1).webp,exact_url_path,WEBP,1024,1527,85394
206,Conjunto Osito Bear - Gris,galeria,https://raw.githubusercontent.com/magicoamorbebe-bot/magicoamor/main/imagenes/osito%20gris%20(2).webp?raw=true,imagenes/osito gris (2).webp,exact_url_path,WEBP,1024,1527,317170
207,Conjunto Osito Bear - Mostaza,principal,https://raw.githubusercontent.com/magicoamorbebe-bot/magicoamor/main/imagenes/osito%20mostaza.webp?raw=true,imagenes/osito mostaza.webp,exact_url_path,WEBP,1024,1527,102834
208,Conjunto Draco - Blanco,principal,https://raw.githubusercontent.com/magicoamorbebe-bot/magicoamor/main/imagenes/Set%20Draco%20Blanco.webp?raw=true,imagenes/Set Draco Blanco.webp,exact_url_path,WEBP,1024,1527,118428
209,Conjunto Genero - Aero,principal,https://raw.githubusercontent.com/magicoamorbebe-bot/magicoamor/main/imagenes/genero%20aero.webp?raw=true,imagenes/genero aero.webp,exact_url_path,WEBP,1024,1527,154406
210,Conjunto Genero - Cemento,principal,https://raw.githubusercontent.com/magicoamorbebe-bot/magicoamor/main/imagenes/genero%20cemento.jpeg?raw=true,imagenes/genero cemento.jpeg,exact_url_path,JPEG,640,955,87317
211,Conjunto Genero - Tostado,principal,https://raw.githubusercontent.com/magicoamorbebe-bot/magicoamor/main/imagenes/genero%20tostado.webp?raw=true,imagenes/genero tostado.webp,exact_url_path,WEBP,640,955,58718
212,Conjunto Genero - Verde Aqua,principal,https://raw.githubusercontent.com/magicoamorbebe-bot/magicoamor/main/imagenes/genero%20aqua.jpeg?raw=true,imagenes/genero aqua.jpeg,exact_url_path,JPEG,640,955,99782
213,Conjunto Hallo - Texaco Claro,principal,https://raw.githubusercontent.com/magicoamorbebe-bot/magicoamor/main/imagenes/Gemini_Generated_Image_ememe1ememe1emem.png?raw=true,imagenes/Gemini_Generated_Image_ememe1ememe1emem.png,exact_url_path,PNG,828,1035,1000715
214,Conjunto Hallo - Melange Medio,principal,https://raw.githubusercontent.com/magicoamorbebe-bot/magicoamor/main/imagenes/Gemini_Generated_Image_rm19sarm19sarm19.png?raw=true,imagenes/Gemini_Generated_Image_rm19sarm19sarm19.png,exact_url_path,PNG,859,1074,1082883
215,Conjunto Toby - Celeste,principal,https://raw.githubusercontent.com/magicoamorbebe-bot/magicoamor/main/imagenes/Gemini_Generated_Image_b0j5ivb0j5ivb0j5.png?raw=true,imagenes/Gemini_Generated_Image_b0j5ivb0j5ivb0j5.png,exact_url_path,PNG,896,1192,1632434
216,Conjunto Isis - Blanco,principal,https://raw.githubusercontent.com/magicoamorbebe-bot/magicoamor/main/imagenes/Set%20Isis%20Blanco%20(2).webp?raw=true,imagenes/Set Isis Blanco (2).webp,exact_url_path,WEBP,1024,1527,255670
216,Conjunto Isis - Blanco,galeria,https://raw.githubusercontent.com/magicoamorbebe-bot/magicoamor/main/imagenes/Set%20Isis%20Blanco%20(1).webp?raw=true,imagenes/Set Isis Blanco (1).webp,exact_url_path,WEBP,1024,1527,169422
217,Conjunto Liza - Violeta,principal,https://raw.githubusercontent.com/magicoamorbebe-bot/magicoamor/main/imagenes/Conjunto%20Liza%20Violeta%20(3).webp?raw=true,imagenes/Conjunto Liza Violeta (3).webp,exact_url_path,WEBP,1024,1527,115532
217,Conjunto Liza - Violeta,galeria,https://raw.githubusercontent.com/magicoamorbebe-bot/magicoamor/main/imagenes/Conjunto%20Liza%20Violeta%20(2).webp?raw=true,imagenes/Conjunto Liza Violeta (2).webp,exact_url_path,WEBP,640,955,110552
217,Conjunto Liza - Violeta,galeria,https://raw.githubusercontent.com/magicoamorbebe-bot/magicoamor/main/imagenes/Conjunto%20Liza%20Violeta%20(1).webp?raw=true,imagenes/Conjunto Liza Violeta (1).webp,exact_url_path,WEBP,640,800,51232
218,Conjunto Mateo - Puntos,principal,https://raw.githubusercontent.com/magicoamorbebe-bot/magicoamor/main/imagenes/mateo%20puntos.jpeg?raw=true,imagenes/mateo puntos.jpeg,exact_url_path,JPEG,1024,1527,167259
219,Conjunto Mateo - Rayado,principal,https://raw.githubusercontent.com/magicoamorbebe-bot/magicoamor/main/imagenes/mateo%20rayas.jpeg?raw=true,imagenes/mateo rayas.jpeg,exact_url_path,JPEG,1024,1527,137312
220,Conjunto Maylu - Blanco,principal,https://raw.githubusercontent.com/magicoamorbebe-bot/magicoamor/main/imagenes/Conjunto%20Maylu%20Blanco.webp?raw=true,imagenes/Conjunto Maylu Blanco.webp,exact_url_path,WEBP,1024,1527,119804
221,Conjunto Tomi - Aero,principal,https://raw.githubusercontent.com/magicoamorbebe-bot/magicoamor/main/imagenes/Gemini_Generated_Image_ios2ipios2ipios2.png?raw=true,imagenes/Gemini_Generated_Image_ios2ipios2ipios2.png,exact_url_path,PNG,896,1191,1206660
221,Conjunto Tomi - Aero,galeria,https://raw.githubusercontent.com/magicoamorbebe-bot/magicoamor/main/imagenes/Gemini_Generated_Image_npu7jbnpu7jbnpu7.png?raw=true,imagenes/Gemini_Generated_Image_npu7jbnpu7jbnpu7.png,exact_url_path,PNG,750,938,791996
222,Conjunto Wild - Blanco,principal,https://raw.githubusercontent.com/magicoamorbebe-bot/magicoamor/main/imagenes/Set%202%20piezas%20Wild%20(3).webp?raw=true,imagenes/Set 2 piezas Wild (3).webp,exact_url_path,WEBP,1024,1527,118548
222,Conjunto Wild - Blanco,galeria,https://raw.githubusercontent.com/magicoamorbebe-bot/magicoamor/main/imagenes/Set%202%20piezas%20Wild%20(2).webp?raw=true,imagenes/Set 2 piezas Wild (2).webp,exact_url_path,WEBP,640,955,104952
223,Conjunto Arturo - Aero,principal,https://github.com/magicoamorbebe-bot/magicoamor/blob/main/imagenes/Conjunto%20Arturo%20Aero%20(3).jpeg?raw=true,,pending,,,,
223,Conjunto Arturo - Aero,galeria,https://github.com/magicoamorbebe-bot/magicoamor/blob/main/imagenes/Conjunto%20Arturo%20Aero%20(2).jpeg?raw=true,,pending,,,,
223,Conjunto Arturo - Aero,galeria,https://github.com/magicoamorbebe-bot/magicoamor/blob/main/imagenes/Conjunto%20Arturo%20Aero%20(4).jpeg?raw=true,,pending,,,,
224,Conjunto Arturo - Beige,principal,https://github.com/magicoamorbebe-bot/magicoamor/blob/main/imagenes/Conjunto%20Arturo%20Beige%20(2).webp?raw=true,,pending,,,,
224,Conjunto Arturo - Beige,galeria,https://github.com/magicoamorbebe-bot/magicoamor/blob/main/imagenes/Conjunto%20Arturo%20Beige%20(3).webp?raw=true,,pending,,,,
224,Conjunto Arturo - Beige,galeria,https://github.com/magicoamorbebe-bot/magicoamor/blob/main/imagenes/Conjunto%20Arturo%20Beige%20(1).webp?raw=true,,pending,,,,
225,Set Babero + Babita Algodón - Florencia,,,,no_photo,,,,
226,Set Babero + Babita Algodón - Laurel,,,,no_photo,,,,
227,Set Babita + Babero Toalla Nena,,,,no_photo,,,,
228,Set Babita + Babero Toalla Nena,,,,no_photo,,,,
229,Set Babita + Babero Toalla Unisex,principal,https://raw.githubusercontent.com/magicoamorbebe-bot/magicoamor/main/imagenes/Gemini_Generated_Image_j9f6huj9f6huj9f6.png?raw=true,imagenes/Gemini_Generated_Image_j9f6huj9f6huj9f6.png,exact_url_path,PNG,896,1191,5458582
230,Set Babita + Babero Toalla Varón,,,,no_photo,,,,
231,Set Babita + Babero Toalla Varón,principal,https://raw.githubusercontent.com/magicoamorbebe-bot/magicoamor/main/imagenes/Gemini_Generated_Image_rhs0fdrhs0fdrhs0.png?raw=true,imagenes/Gemini_Generated_Image_rhs0fdrhs0fdrhs0.png,exact_url_path,PNG,896,1191,4759356
232,Babero Bandana Toalla Nena,,,,no_photo,,,,
233,Babero Bandana Toalla Nena,,,,no_photo,,,,
